{
  "A1": 0.5818453424378983,
  "A2": 0.5053252163598825,
  "A3": 0.8149403929243184,
  "B": 0.8995937580441592,
  "C": 0.8291885979986824,
  "D": 0.8788271062567917
}